Festival;year;Notes;Stage name;Main genre;genres on Spotify
cornbury festival;2014;;Gipsy Kings;world;flamenco,rumba,world,world christmas
end of the road festival;2013;david byrne & St. Vincent - each treated separately for genre purposes;david byrne;rock;art rock,dance rock,fourth world,permanent wave,singer-songwriter
end of the road festival;2013;david byrne & St. Vincent - each treated separately for genre purposes;St. Vincent;rock;alternative dance,alternative rock,anti-folk,chamber pop,chillwave,dream pop,escape room,etherpop,folk-pop,freak folk,indie folk,indie pop,indie r&b,indie rock,indietronica,lo-fi,metropopolis,neo-psychedelic,new rave,noise pop,pop,pop rock,shimmer pop,singer-songwriter,synthpop
Glastonbury;1994;;levellers;rock;britpop,celtic rock,madchester
Reading;1998;Jimmy Page and Robert Plant - each treated separately for genre purposes;Jimmy Page;rock;album rock,blues-rock,british blues,classic rock,electric blues,hard rock,rock
Reading;1998;Jimmy Page and Robert Plant - each treated separately for genre purposes;Robert Plant;rock;album rock,art rock,blues-rock,british blues,classic rock,electric blues,folk rock,hard rock,mellow gold,progressive rock,rock,roots rock,singer-songwriter,soft rock,symphonic rock
rewind;2014;;Daryl Hall & John Oates;rock;adult standards,album rock,classic funk rock,classic rock,dance rock,disco,folk rock,hard rock,mellow gold,motown,new wave pop,rock,singer-songwriter,soft rock
cornbury festival;2016;;seal;rock;soft rock
Glastonbury;1983;;ub40;reggae;reggae fusion
rewind;2013;;ub40;reggae;reggae fusion
rewind;2013;;ub40;reggae;reggae fusion
Glastonbury;2015;;Kanye West;hip hop;pop,pop christmas,pop rap,rap
Wireless;2009;;Kanye West;hip hop;pop,pop christmas,pop rap,rap
Wireless;2014;;Kanye West;hip hop;pop,pop christmas,pop rap,rap
Glastonbury;1999;;Skunk Anansie;rock;pop rock
Wireless;2017;;chance the rapper;hip hop;pop rap,rap
boardmasters;2012;;ed sheeran;pop;pop
Glastonbury;2002;;Coldplay;pop;permanent wave,pop,pop christmas
Glastonbury;2005;;Coldplay;pop;permanent wave,pop,pop christmas
Glastonbury;2011;;Coldplay;pop;permanent wave,pop,pop christmas
Glastonbury;2016;;Coldplay;pop;permanent wave,pop,pop christmas
Isle of Wight;2006;;Coldplay;pop;permanent wave,pop,pop christmas
t in the park;2003;;Coldplay;pop;permanent wave,pop,pop christmas
t in the park;2011;;Coldplay;pop;permanent wave,pop,pop christmas
v festival;2003;;Coldplay;pop;permanent wave,pop,pop christmas
Latitude;2017;;The 1975;pop;nu gaze,pop,shiver pop
cornbury festival;2012;;katzenjammer;folk;norwegian pop,norwegian rock
boardmasters;2016;;james bay;pop;neo mellow,pop,pop rock,singer-songwriter,viral pop
cornbury festival;2011;;james blunt;pop;neo mellow,pop,pop rock
Wireless;2006;;james blunt;pop;neo mellow,pop,pop rock
cornbury festival;2013;;keane;pop;neo mellow,piano rock,pop,pop rock,rock
Wireless;2005;;keane;pop;neo mellow,piano rock,pop,pop rock,rock
Wireless;2016;;kygo;electronic;minimal dub,pop,tropical house
boardmasters;2014;;bastille;indie;metropopolis,pop,tropical house
boardmasters;2015;;bastille;indie;metropopolis,pop,tropical house
Glastonbury;1992;;youssou n'dour;world;mande pop,mbalax,world
lovebox;2008;;manu chao;world;latin alternative,rock en espanol,world
Glastonbury;2011;;U2;rock;irish rock,permanent wave,rock
end of the road festival;2017;;mac Demarco;indie;indie rock,indietronica
boardmasters;2017;;alt-J;indie;indie pop,indie rock
Latitude;2015;;alt-J;indie;indie pop,indie rock
Isle of Wight;2007;;Snow Patrol;indie;indie christmas,irish rock,neo mellow,permanent wave,pop,pop christmas,pop rock,rock
Latitude;2006;;Snow Patrol;indie;indie christmas,irish rock,neo mellow,permanent wave,pop,pop christmas,pop rock,rock
t in the park;2007;;Snow Patrol;indie;indie christmas,irish rock,neo mellow,permanent wave,pop,pop christmas,pop rock,rock
t in the park;2012;;Snow Patrol;indie;indie christmas,irish rock,neo mellow,permanent wave,pop,pop christmas,pop rock,rock
boardmasters;2010;;newton faulkner;indie;indie anthem-folk,neo mellow,pop rock
Reading;2010;;blink-182;punk;heavy christmas,pop punk,punk,punk christmas
Reading;2014;;blink-182;punk;heavy christmas,pop punk,punk,punk christmas
Wireless;2017;;skepta;hip hop;grime,hip hop,house,pop rap,rap
download;2017;;Biffy Clyro;rock;garage rock,indie rock,rock,scottish rock
Reading;2013;;Biffy Clyro;rock;garage rock,indie rock,rock,scottish rock
Reading;2016;;Biffy Clyro;rock;garage rock,indie rock,rock,scottish rock
t in the park;2014;;Biffy Clyro;rock;garage rock,indie rock,rock,scottish rock
Glastonbury;2007;;Arctic Monkeys;rock;garage rock,indie rock,permanent wave,sheffield indie
Glastonbury;2013;;Arctic Monkeys;rock;garage rock,indie rock,permanent wave,sheffield indie
Reading;2009;;Arctic Monkeys;rock;garage rock,indie rock,permanent wave,sheffield indie
Reading;2014;;Arctic Monkeys;rock;garage rock,indie rock,permanent wave,sheffield indie
t in the park;2007;;Arctic Monkeys;rock;garage rock,indie rock,permanent wave,sheffield indie
t in the park;2011;;Arctic Monkeys;rock;garage rock,indie rock,permanent wave,sheffield indie
t in the park;2014;;Arctic Monkeys;rock;garage rock,indie rock,permanent wave,sheffield indie
v festival;2011;;Arctic Monkeys;rock;garage rock,indie rock,permanent wave,sheffield indie
boardmasters;2008;;the zutons;rock;garage rock,indie rock,madchester
boardmasters;2009;;cypress hill;hip hop;gangster rap,hardcore hip hop,hip hop,pop rap,rap,rap rock,west coast rap
bestival;2013;;snoop dogg;hip hop;g funk,gangster rap,hip hop,pop christmas,pop rap,rap,southern hip hop,west coast rap
boardmasters;2014;;snoop dogg;hip hop;g funk,gangster rap,hip hop,pop christmas,pop rap,rap,southern hip hop,west coast rap
lovebox;2011;;snoop dogg;hip hop;g funk,gangster rap,hip hop,pop christmas,pop rap,rap,southern hip hop,west coast rap
lovebox;2015;;snoop dogg;hip hop;g funk,gangster rap,hip hop,pop christmas,pop rap,rap,southern hip hop,west coast rap
Glastonbury;1990;;sinead o'connor;folk;folk,folk-pop,lilith,new wave pop,pop christmas,pop rock,singer-songwriter
bestival;2012;;Florence + The Machine;indie;folk-pop,indie pop,pop
Glastonbury;2015;;Florence + the Machine;indie;folk-pop,indie pop,pop
Latitude;2010;;Florence + the Machine;indie;folk-pop,indie pop,pop
Glastonbury;2013;;Mumford & Sons;folk;folk-pop,indie folk,indie pop,neo mellow,singer-songwriter,stomp and holler
Latitude;2017;;Mumford & Sons;folk;folk-pop,indie folk,indie pop,neo mellow,singer-songwriter,stomp and holler
Reading;2015;;Mumford & Sons;folk;folk-pop,indie folk,indie pop,neo mellow,singer-songwriter,stomp and holler
t in the park;2013;;Mumford & Sons;folk;folk-pop,indie folk,indie pop,neo mellow,singer-songwriter,stomp and holler
download;2007;;My Chemical Romance;punk;emo,pop punk,punk christmas,screamo
Reading;2011;;My Chemical Romance;punk;emo,pop punk,punk christmas,screamo
boardmasters;2009;;the streets;hip hop;electronic,grime,indie rock,new rave,uk garage
boardmasters;2017;;jamiroquai;electronic;electronic
lovebox;2006;;jamiroquai;electronic;electronic
Wireless;2007;;daft punk;electronic;electro,electronic,filter house
boardmasters;2015;;rudimental;electronic;edm,house,liquid funk,pop,tropical house,uk funky
lovebox;2015;;rudimental;electronic;edm,house,liquid funk,pop,tropical house,uk funky
Wireless;2014;;rudimental;electronic;edm,house,liquid funk,pop,tropical house,uk funky
Glastonbury;2008;;JAY Z;hip hop;east coast hip hop,hip hop,pop rap,rap,southern hip hop,trap music
Isle of Wight;2010;;JAY Z;hip hop;east coast hip hop,hip hop,pop rap,rap,southern hip hop,trap music
v festival;2017;;JAY Z;hip hop;east coast hip hop,hip hop,pop rap,rap,southern hip hop,trap music
Wireless;2008;;JAY Z;hip hop;east coast hip hop,hip hop,pop rap,rap,southern hip hop,trap music
Wireless;2010;;JAY Z;hip hop;east coast hip hop,hip hop,pop rap,rap,southern hip hop,trap music
Wireless;2013;;JAY Z;hip hop;east coast hip hop,hip hop,pop rap,rap,southern hip hop,trap music
Isle of Wight;2017;;Run DMC;hip hop;east coast hip hop,hardcore hip hop,hip hop,old school hip hop,pop rap,rap
bestival;2009;;massive attack;electronic;downtempo,electronic,nu jazz,trip hop
Wireless;2006;;massive attack;electronic;downtempo,electronic,nu jazz,trip hop
Glastonbury;2003;;Moby;electronic;downtempo,electronic
t in the park;2000;;Moby;electronic;downtempo,electronic
rewind;2009;;gloria gaynor;disco;disco,soul christmas
lovebox;2005;;mylo;electronic;disco house,electronic
bestival;2014;;outkast;hip hop;dirty south rap,hip hop,pop rap,rap,southern hip hop
lovebox;2014;;Nas;hip hop;dirty south rap,east coast hip hop,gangster rap,hardcore hip hop,hip hop,pop rap,rap,southern hip hop
Reading;2001;;Eminem;hip hop;detroit hip hop,g funk,hip hop,pop rap,rap
Reading;2013;;Eminem;hip hop;detroit hip hop,g funk,hip hop,pop rap,rap
Reading;2017;;Eminem;hip hop;detroit hip hop,g funk,hip hop,pop rap,rap
t in the park;2010;;Eminem;hip hop;detroit hip hop,g funk,hip hop,pop rap,rap
v festival;2011;;Eminem;hip hop;detroit hip hop,g funk,hip hop,pop rap,rap
Glastonbury;1984;;black uhuru;reggae;dancehall,dub,lovers rock,reggae,reggae fusion,roots reggae
boardmasters;2011;;the klaxons;indie;dance-punk,new rave
boardmasters;2007;;the subways;rock;dance-punk,garage rock,indie rock,new rave
Glastonbury;1987;;the communards;new wave;dance rock,new romantic,new wave,new wave pop,synthpop
rewind;2016;;andy bell;new wave;dance rock,new romantic,new wave,new wave pop,synthpop
rewind;2017;;midge ure;new wave;dance rock,new romantic,new wave,new wave pop,synthpop
Isle of Wight;2014;;Boy George;new wave;dance rock,new romantic,new wave,new wave pop,soul christmas,synthpop
rewind;2010;;Boy George;new wave;dance rock,new romantic,new wave,new wave pop,soul christmas,synthpop
Glastonbury;1985;;the boomtown rats;new wave;dance rock,new romantic,new wave,new wave pop,power pop,pub rock,punk
Wireless;2006;;depeche mode;new wave;dance rock,new romantic,new wave,new wave pop,permanent wave,synthpop
rewind;2016;;adam ant;new wave;dance rock,new romantic,new wave,new wave pop,permanent wave,power pop,synthpop
rewind;2016;;adam ant;new wave;dance rock,new romantic,new wave,new wave pop,permanent wave,power pop,synthpop
rewind;2011;;holly johnson;new wave;dance rock,new romantic,new wave,new wave pop
rewind;2012;;holly johnson;new wave;dance rock,new romantic,new wave,new wave pop
rewind;2014;;holly johnson;new wave;dance rock,new romantic,new wave,new wave pop
rewind;2016;;holly johnson;new wave;dance rock,new romantic,new wave,new wave pop
v festival;2006;;morrissey;new wave;dance rock,indie rock,madchester,new romantic,new wave,permanent wave,pop rock,rock
Wireless;2008;;morrissey;new wave;dance rock,indie rock,madchester,new romantic,new wave,permanent wave,pop rock,rock
bestival;2008;;amy winehouse;pop;dance pop,pop,r&b,soul
Glastonbury;2011;;Beyonce;pop;dance pop,pop,pop rap,post-teen pop,r&b
v festival;2013;;Beyonce;pop;dance pop,pop,pop rap,post-teen pop,r&b
Wireless;2011;;the black eyed peas;pop;dance pop,pop,pop rap,post-teen pop
t in the park;2013;;rihanna;pop;dance pop,pop,pop christmas,r&b,soul christmas,urban contemporary
v festival;2016;;rihanna;pop;dance pop,pop,pop christmas,r&b,soul christmas,urban contemporary
Wireless;2012;;rihanna;pop;dance pop,pop,pop christmas,r&b,soul christmas,urban contemporary
Wireless;2013;;rihanna;pop;dance pop,pop,pop christmas,r&b,soul christmas,urban contemporary
Glastonbury;2016;;Adele;pop;dance pop,pop
Wireless;2014;;bruno mars;pop;dance pop,pop
lovebox;2017;;frank ocean;hip hop;dance pop,indie r&b,neo soul,pop,pop rap,rap
Wireless;2015;;nicki minaj;pop;dance pop,hip pop,pop,pop rap
cornbury festival;2004;;will young;pop;dance pop,europop,neo mellow,new wave pop,pop
cornbury festival;2009;;scouting for girls;pop;dance pop,europop,grime,neo mellow,pop,pop rock
Latitude;2014;;Lily Allen;pop;dance pop,europop,folk-pop,neo mellow,pop,pop rock,post-teen pop
bestival;2015;;missy elliott;hip hop;dance pop,escape room,hip hop,hip pop,pop,pop rap,r&b,rap,southern hip hop,urban contemporary
Isle of Wight;2017;;David Guetta;electronic;dance pop,edm,pop,tropical house
Wireless;2015;;David Guetta;electronic;dance pop,edm,pop,tropical house
bestival;2016;;major lazer;electronic;dance pop,edm,electro house,moombahton,pop,tropical house
lovebox;2016;;major lazer;electronic;dance pop,edm,electro house,moombahton,pop,tropical house
boardmasters;2009;;Calvin Harris;electronic;dance pop,edm,electro house,house,pop,progressive house,tropical house
Isle of Wight;2014;;Calvin Harris;electronic;dance pop,edm,electro house,house,pop,progressive house,tropical house
t in the park;2014;;Calvin Harris;electronic;dance pop,edm,electro house,house,pop,progressive house,tropical house
t in the park;2016;;Calvin Harris;electronic;dance pop,edm,electro house,house,pop,progressive house,tropical house
v festival;2015;;Calvin Harris;electronic;dance pop,edm,electro house,house,pop,progressive house,tropical house
Wireless;2016;;Calvin Harris;electronic;dance pop,edm,electro house,house,pop,progressive house,tropical house
rewind;2009;;kim wilde;pop;dance pop,dance rock,eurodance,europop,new romantic,new wave,new wave pop,pop christmas,soft rock,soul christmas,synthpop
bestival;2017;;Pet Shop Boys;new wave;dance pop,dance rock,electronic,europop,new romantic,new wave,new wave pop,permanent wave,synthpop
Latitude;2009;;Pet Shop Boys;new wave;dance pop,dance rock,electronic,europop,new romantic,new wave,new wave pop,permanent wave,synthpop
t in the park;1995;;m people;pop;dance pop,dance rock,disco house,europop,hip house,new romantic,new wave pop,vocal house
end of the road festival;2009;;explosions in the sky;rock;compositional ambient,focus,melancholia,post rock
end of the road festival;2011;;Mogwai;rock;compositional ambient,electronic,post rock
Latitude;2006;;Mogwai;rock;compositional ambient,electronic,post rock
Glastonbury;2009;;Bruce Springsteen;rock;classic rock,mellow gold,permanent wave,pop christmas,rock,roots rock,singer-songwriter,soft rock
Isle of Wight;2012;;Bruce Springsteen;rock;classic rock,mellow gold,permanent wave,pop christmas,rock,roots rock,singer-songwriter,soft rock
bestival;2012;;Stevie Wonder;soul;classic funk rock,funk,funk rock,motown,quiet storm,soul,soul christmas
Glastonbury;2010;;Stevie Wonder;soul;classic funk rock,funk,funk rock,motown,quiet storm,soul,soul christmas
rewind;2017;;Soul II Soul;soul;classic funk rock,disco,funk,hip house,new jack swing,post-disco,quiet storm,urban contemporary
rewind;2012;;kool & the gang;funk;classic funk rock,disco,funk,funk rock,jazz funk,memphis soul,motown,post-disco,quiet storm,soul,soul christmas
bestival;2014;;chic;funk;classic funk rock,disco,disco house,funk,funk rock,motown,post-disco,quiet storm,soul,vocal house
Glastonbury;1983;;curtis mayfield;soul;chicago soul,classic funk rock,disco,funk,funk rock,jazz blues,jazz funk,memphis soul,motown,neo soul,soul,soul blues,southern soul,vocal jazz
Latitude;2012;;Bon Iver;indie;chamber pop,folk-pop,indie folk,indie pop,indie rock,melancholia,neo mellow,slow core,stomp and holler
end of the road festival;2009;;Fleet Foxes;folk;chamber pop,folk-pop,freak folk,indie folk,indie pop,indie rock,new americana,singer-songwriter,stomp and holler
Latitude;2017;;Fleet Foxes;folk;chamber pop,folk-pop,freak folk,indie folk,indie pop,indie rock,new americana,singer-songwriter,stomp and holler
end of the road festival;2017;;father john misty;folk;chamber pop,folk-pop,freak folk,indie folk,indie pop,indie rock,indietronica,neo-psychedelic,new americana,singer-songwriter,stomp and holler
end of the road festival;2011;;joanna newsom;folk;chamber pop,folk-pop,freak folk,harp,indie folk,new weird america
end of the road festival;2016;;joanna newsom;folk;chamber pop,folk-pop,freak folk,harp,indie folk,new weird america
boardmasters;2013;;ben howard;folk;chamber pop,fingerstyle,folk-pop,indie anthem-folk,indie folk,neo mellow,singer-songwriter,stomp and holler
Latitude;2006;;Antony and the Johnsons;folk;chamber pop,dark cabaret,folk-pop,freak folk,indie folk,indie pop,melancholia,singer-songwriter
rewind;2012;;big country;rock;celtic rock,dance rock,madchester,new romantic,new wave,new wave pop,scottish rock,synthpop
Glastonbury;1992;;Shakespears Sister;pop;candy pop,dance rock,europop,new romantic,new wave pop
Wireless;2017;;the weeknd;hip hop;canadian pop,pop,rap
Wireless;2012;;drake;hip hop;canadian pop,hip hop,pop rap,rap
Wireless;2015;;drake;hip hop;canadian pop,hip hop,pop rap,rap
v festival;2016;;justin bieber;pop;canadian pop,dance pop,pop,pop christmas,post-teen pop
cornbury festival;2009;;sugababes;pop;bubblegum dance,dance pop,europop,pop,pop christmas,pop rock,post-teen pop,r&b,tropical house,uk garage
boardmasters;2010;;chase & status;electronic;brostep,deep groove house,drum and bass,edm,electronic,grime,house,tropical house,uk garage
boardmasters;2014;;chase & status;electronic;brostep,deep groove house,drum and bass,edm,electronic,grime,house,tropical house,uk garage
boardmasters;2016;;chase & status;electronic;brostep,deep groove house,drum and bass,edm,electronic,grime,house,tropical house,uk garage
lovebox;2014;;chase & status;electronic;brostep,deep groove house,drum and bass,edm,electronic,grime,house,tropical house,uk garage
lovebox;2017;;chase & status;electronic;brostep,deep groove house,drum and bass,edm,electronic,grime,house,tropical house,uk garage
Wireless;2016;;chase & status;electronic;brostep,deep groove house,drum and bass,edm,electronic,grime,house,tropical house,uk garage
v festival;2000;;richard ashcroft;rock;britpop,madchester,rock
Glastonbury;2000;;Travis;rock;britpop,indie christmas,indie rock,madchester,neo mellow,pop christmas,pop rock,rock
Isle of Wight;2005;;Travis;rock;britpop,indie christmas,indie rock,madchester,neo mellow,pop christmas,pop rock,rock
Reading;2001;;Travis;rock;britpop,indie christmas,indie rock,madchester,neo mellow,pop christmas,pop rock,rock
t in the park;2000;;Travis;rock;britpop,indie christmas,indie rock,madchester,neo mellow,pop christmas,pop rock,rock
t in the park;2001;;Travis;rock;britpop,indie christmas,indie rock,madchester,neo mellow,pop christmas,pop rock,rock
v festival;2000;;Travis;rock;britpop,indie christmas,indie rock,madchester,neo mellow,pop christmas,pop rock,rock
download;2005;;feeder;rock;britpop,garage rock,indie rock,madchester,pop rock,rock,welsh rock
Reading;2007;;Razorlight;rock;britpop,garage rock,indie rock,madchester,neo mellow,pop rock,rock
Latitude;2014;;Damon Albarn;rock;britpop,downtempo
cornbury festival;2006;;texas;rock;britpop,dance pop,dance rock,europop,lilith,neo mellow,new romantic,new wave pop,pop rock,scottish rock
v festival;2001;;texas;rock;britpop,dance pop,dance rock,europop,lilith,neo mellow,new romantic,new wave pop,pop rock,scottish rock
bestival;2009;;Elbow;rock;britpop,chamber pop,indie rock,madchester
Latitude;2012;;Elbow;rock;britpop,chamber pop,indie rock,madchester
Latitude;2007;;The Good, the Bad & the Queen;rock;britpop
cornbury festival;2012;;bellowhead;folk;british folk,folk christmas,traditional british folk
Glastonbury;1993;;christy moore;folk;british folk,celtic,irish folk
boardmasters;2007;;funeral for a friend;hardcore;british alternative rock,emo,metalcore,pop punk,post-hardcore,punk christmas,screamo
lovebox;2007;;sly & the family stone;funk;brill building pop,chicago soul,classic funk rock,classic rock,disco,folk rock,funk,funk rock,jazz blues,mellow gold,memphis soul,motown,psychedelic rock,rock,roots rock,singer-songwriter,soul,soul blues,southern soul
v festival;2014;;justin timberlake;pop;boy band,dance pop,pop,pop rap,post-teen pop,r&b
Wireless;2013;;justin timberlake;pop;boy band,dance pop,pop,pop rap,post-teen pop,r&b
end of the road festival;2013;;Sigur Ros;rock;bow pop,chamber pop,compositional ambient,dream pop,ethereal wave,icelandic pop,indie folk,melancholia,post rock
Latitude;2008;;Sigur Ros;rock;bow pop,chamber pop,compositional ambient,dream pop,ethereal wave,icelandic pop,indie folk,melancholia,post rock
cornbury festival;2004;;jools holland;blues;boogie-woogie
cornbury festival;2014;;jools holland;blues;boogie-woogie
lovebox;2013;;azealia banks;hip hop;bmore,dance pop,escape room,hip house,hip pop,indie r&b,pop
t in the park;2015;;avicii;electronic;big room,dance pop,edm,electro house,pop,tropical house
Wireless;2015;;avicii;electronic;big room,dance pop,edm,electro house,pop,tropical house
boardmasters;2016;;deadmau5;electronic;big room,brostep,edm,electro house,progressive house
Wireless;2012;;deadmau5;electronic;big room,brostep,edm,electro house,progressive house
bestival;2013;;fatboy slim;electronic;big beat,disco house,electronic
boardmasters;2011;;fatboy slim;electronic;big beat,disco house,electronic
Wireless;2008;;fatboy slim;electronic;big beat,disco house,electronic
boardmasters;2015;;Faithless;electronic;big beat,disco house,downtempo,electronic,hip house,trip hop
Isle of Wight;2005;;Faithless;electronic;big beat,disco house,downtempo,electronic,hip house,trip hop
Isle of Wight;2016;;Faithless;electronic;big beat,disco house,downtempo,electronic,hip house,trip hop
v festival;2006;;Faithless;electronic;big beat,disco house,downtempo,electronic,hip house,trip hop
Wireless;2007;;Faithless;electronic;big beat,disco house,downtempo,electronic,hip house,trip hop
bestival;2010;;The Prodigy;electronic;big beat,breakbeat,electronic,hardcore techno
download;2012;;The Prodigy;electronic;big beat,breakbeat,electronic,hardcore techno
Glastonbury;1997;;The Prodigy;electronic;big beat,breakbeat,electronic,hardcore techno
Isle of Wight;2006;;The Prodigy;electronic;big beat,breakbeat,electronic,hardcore techno
Isle of Wight;2009;;The Prodigy;electronic;big beat,breakbeat,electronic,hardcore techno
Isle of Wight;2015;;The Prodigy;electronic;big beat,breakbeat,electronic,hardcore techno
Reading;2002;;The Prodigy;electronic;big beat,breakbeat,electronic,hardcore techno
t in the park;1998;;The Prodigy;electronic;big beat,breakbeat,electronic,hardcore techno
v festival;1997;;The Prodigy;electronic;big beat,breakbeat,electronic,hardcore techno
Glastonbury;1984;;weather report;jazz;bebop,canterbury scene,classic funk rock,contemporary jazz,contemporary post-bop,cool jazz,hard bop,jazz,jazz funk,jazz fusion,progressive rock,soul jazz
bestival;2010;;dizzee rascal;hip hop;bassline,disco house,grime,house,pop rap,rap,tropical house,uk garage
boardmasters;2012;;dizzee rascal;hip hop;bassline,disco house,grime,house,pop rap,rap,tropical house,uk garage
lovebox;2010;;dizzee rascal;hip hop;bassline,disco house,grime,house,pop rap,rap,tropical house,uk garage
bestival;2011;;pendulum;electronic;australian dance,brostep,catstep,drum and bass,edm,electronic
end of the road festival;2015;;tame impala;indie;australian alternative rock,indie pop,indie rock,indietronica,neo-psychedelic,psychedelic rock
cornbury festival;2008;;crowded house;rock;australian alternative rock,australian pop,dance rock,mellow gold,new romantic,new wave,new wave pop,permanent wave,pop rock,rock,soft rock
rewind;2013;;The B-52's;new wave;art rock,dance rock,new romantic,new wave,new wave pop,permanent wave,pop rock,post-punk,power pop,rock,synthpop,zolo
cornbury festival;2014;;simple minds;new wave;art rock,dance rock,mellow gold,new romantic,new wave,new wave pop,rock,soft rock,synthpop
rewind;2012;;Orchestral Manoeuvres In The Dark;new wave;art rock,dance rock,madchester,new romantic,new wave,new wave pop,permanent wave,post-punk,synthpop,uk post-punk
rewind;2015;;Orchestral Manoeuvres In The Dark;new wave;art rock,dance rock,madchester,new romantic,new wave,new wave pop,permanent wave,post-punk,synthpop,uk post-punk
rewind;2015;;Orchestral Manoeuvres In The Dark;new wave;art rock,dance rock,madchester,new romantic,new wave,new wave pop,permanent wave,post-punk,synthpop,uk post-punk
cornbury festival;2016;;bryan ferry;new wave;art rock,dance rock,glam rock,melancholia,mellow gold,new romantic,new wave,new wave pop,pub rock,soft rock,synthpop
Glastonbury;1986;;level 42;new wave;art rock,dance rock,disco,mellow gold,new romantic,new wave,new wave pop,post-disco,soft rock,synthpop
rewind;2017;;level 42;new wave;art rock,dance rock,disco,mellow gold,new romantic,new wave,new wave pop,post-disco,soft rock,synthpop
rewind;2017;;level 42;new wave;art rock,dance rock,disco,mellow gold,new romantic,new wave,new wave pop,post-disco,soft rock,synthpop
Latitude;2009;;Grace Jones;new wave;art rock,dance rock,disco,electronic,new romantic,new wave,new wave pop,post-disco,synthpop
lovebox;2010;;Grace Jones;new wave;art rock,dance rock,disco,electronic,new romantic,new wave,new wave pop,post-disco,synthpop
lovebox;2012;;Grace Jones;new wave;art rock,dance rock,disco,electronic,new romantic,new wave,new wave pop,post-disco,synthpop
rewind;2011;;the human league;new wave;art rock,dance pop,dance rock,disco,europop,madchester,new romantic,new wave,new wave pop,permanent wave,post-punk,soft rock,synthpop
rewind;2011;;the human league;new wave;art rock,dance pop,dance rock,disco,europop,madchester,new romantic,new wave,new wave pop,permanent wave,post-punk,soft rock,synthpop
rewind;2013;;the human league;new wave;art rock,dance pop,dance rock,disco,europop,madchester,new romantic,new wave,new wave pop,permanent wave,post-punk,soft rock,synthpop
rewind;2013;;the human league;new wave;art rock,dance pop,dance rock,disco,europop,madchester,new romantic,new wave,new wave pop,permanent wave,post-punk,soft rock,synthpop
rewind;2015;;the human league;new wave;art rock,dance pop,dance rock,disco,europop,madchester,new romantic,new wave,new wave pop,permanent wave,post-punk,soft rock,synthpop
Isle of Wight;2003;;Paul Weller;rock;art rock,britpop,dance rock,madchester,neo mellow,new wave pop,rock
Latitude;2012;;Paul Weller;rock;art rock,britpop,dance rock,madchester,neo mellow,new wave pop,rock
t in the park;1995;;Paul Weller;rock;art rock,britpop,dance rock,madchester,neo mellow,new wave pop,rock
t in the park;1997;;Paul Weller;rock;art rock,britpop,dance rock,madchester,neo mellow,new wave pop,rock
v festival;1996;;Paul Weller;rock;art rock,britpop,dance rock,madchester,neo mellow,new wave pop,rock
cornbury festival;2013;;squeeze;rock;art rock,britpop,dance rock,indie christmas,jangle pop,madchester,new romantic,new wave,new wave pop,power pop,pub rock,rock
bestival;2009;;Kraftwerk;electronic;art rock,big beat,dance rock,electro,electronic,experimental,german techno,kraut rock,new romantic,new wave,post-punk,synthpop
Latitude;2013;;Kraftwerk;electronic;art rock,big beat,dance rock,electro,electronic,experimental,german techno,kraut rock,new romantic,new wave,post-punk,synthpop
Glastonbury;1989;;suzanne vega;folk;anti-folk,art rock,folk,folk-pop,lilith,mellow gold,new wave pop,permanent wave,pop rock,singer-songwriter
Reading;2004;;Green Day;punk;alternative rock,permanent wave,pop punk,pop rock,punk,rock
Reading;2013;;Green Day;punk;alternative rock,permanent wave,pop punk,pop rock,punk,rock
t in the park;2005;;Green Day;punk;alternative rock,permanent wave,pop punk,pop rock,punk,rock
Wireless;2008;;counting crows;rock;alternative rock,neo mellow,pop rock,post-grunge,rock,singer-songwriter
download;2015;;Muse;rock;alternative rock,indie rock,permanent wave,piano rock,post-grunge,rock
Glastonbury;2004;;Muse;rock;alternative rock,indie rock,permanent wave,piano rock,post-grunge,rock
Glastonbury;2010;;Muse;rock;alternative rock,indie rock,permanent wave,piano rock,post-grunge,rock
Glastonbury;2016;;Muse;rock;alternative rock,indie rock,permanent wave,piano rock,post-grunge,rock
Isle of Wight;2007;;Muse;rock;alternative rock,indie rock,permanent wave,piano rock,post-grunge,rock
Reading;2006;;Muse;rock;alternative rock,indie rock,permanent wave,piano rock,post-grunge,rock
Reading;2011;;Muse;rock;alternative rock,indie rock,permanent wave,piano rock,post-grunge,rock
Reading;2017;;Muse;rock;alternative rock,indie rock,permanent wave,piano rock,post-grunge,rock
t in the park;2010;;Muse;rock;alternative rock,indie rock,permanent wave,piano rock,post-grunge,rock
v festival;2004;;Muse;rock;alternative rock,indie rock,permanent wave,piano rock,post-grunge,rock
v festival;2008;;Muse;rock;alternative rock,indie rock,permanent wave,piano rock,post-grunge,rock
Glastonbury;1997;;Radiohead;rock;alternative rock,indie rock,melancholia,permanent wave,rock
Glastonbury;2003;;Radiohead;rock;alternative rock,indie rock,melancholia,permanent wave,rock
Glastonbury;2017;;Radiohead;rock;alternative rock,indie rock,melancholia,permanent wave,rock
Reading;2009;;Radiohead;rock;alternative rock,indie rock,melancholia,permanent wave,rock
t in the park;1996;;Radiohead;rock;alternative rock,indie rock,melancholia,permanent wave,rock
v festival;2006;;Radiohead;rock;alternative rock,indie rock,melancholia,permanent wave,rock
Isle of Wight;2010;;The Strokes;rock;alternative rock,garage rock,indie pop,indie rock,permanent wave,rock
Reading;2002;;The Strokes;rock;alternative rock,garage rock,indie pop,indie rock,permanent wave,rock
Reading;2011;;The Strokes;rock;alternative rock,garage rock,indie pop,indie rock,permanent wave,rock
t in the park;2004;;The Strokes;rock;alternative rock,garage rock,indie pop,indie rock,permanent wave,rock
v festival;2004;;The Strokes;rock;alternative rock,garage rock,indie pop,indie rock,permanent wave,rock
Wireless;2006;;The Strokes;rock;alternative rock,garage rock,indie pop,indie rock,permanent wave,rock
Glastonbury;2008;;Kings of Leon;rock;alternative rock,garage rock,indie pop,indie rock,neo mellow,rock
Isle of Wight;2011;;Kings of Leon;rock;alternative rock,garage rock,indie pop,indie rock,neo mellow,rock
Isle of Wight;2014;;Kings of Leon;rock;alternative rock,garage rock,indie pop,indie rock,neo mellow,rock
Reading;2009;;Kings of Leon;rock;alternative rock,garage rock,indie pop,indie rock,neo mellow,rock
t in the park;2009;;Kings of Leon;rock;alternative rock,garage rock,indie pop,indie rock,neo mellow,rock
v festival;2008;;Kings of Leon;rock;alternative rock,garage rock,indie pop,indie rock,neo mellow,rock
v festival;2010;;Kings of Leon;rock;alternative rock,garage rock,indie pop,indie rock,neo mellow,rock
v festival;2013;;Kings of Leon;rock;alternative rock,garage rock,indie pop,indie rock,neo mellow,rock
Glastonbury;2007;;The Killers;rock;alternative rock,garage rock,indie christmas,indie pop,indie rock,permanent wave,pop christmas,pop rock,rock,vegas indie
Isle of Wight;2013;;The Killers;rock;alternative rock,garage rock,indie christmas,indie pop,indie rock,permanent wave,pop christmas,pop rock,rock,vegas indie
Reading;2008;;The Killers;rock;alternative rock,garage rock,indie christmas,indie pop,indie rock,permanent wave,pop christmas,pop rock,rock,vegas indie
t in the park;2007;;The Killers;rock;alternative rock,garage rock,indie christmas,indie pop,indie rock,permanent wave,pop christmas,pop rock,rock,vegas indie
t in the park;2009;;The Killers;rock;alternative rock,garage rock,indie christmas,indie pop,indie rock,permanent wave,pop christmas,pop rock,rock,vegas indie
t in the park;2013;;The Killers;rock;alternative rock,garage rock,indie christmas,indie pop,indie rock,permanent wave,pop christmas,pop rock,rock,vegas indie
v festival;2007;;The Killers;rock;alternative rock,garage rock,indie christmas,indie pop,indie rock,permanent wave,pop christmas,pop rock,rock,vegas indie
v festival;2009;;The Killers;rock;alternative rock,garage rock,indie christmas,indie pop,indie rock,permanent wave,pop christmas,pop rock,rock,vegas indie
v festival;2012;;The Killers;rock;alternative rock,garage rock,indie christmas,indie pop,indie rock,permanent wave,pop christmas,pop rock,rock,vegas indie
v festival;2014;;The Killers;rock;alternative rock,garage rock,indie christmas,indie pop,indie rock,permanent wave,pop christmas,pop rock,rock,vegas indie
Isle of Wight;2014;;Red Hot Chili Peppers;rock;alternative rock,funk metal,funk rock,permanent wave,pop rock,rock
Reading;1999;;Red Hot Chili Peppers;rock;alternative rock,funk metal,funk rock,permanent wave,pop rock,rock
Reading;2007;;Red Hot Chili Peppers;rock;alternative rock,funk metal,funk rock,permanent wave,pop rock,rock
Reading;2016;;Red Hot Chili Peppers;rock;alternative rock,funk metal,funk rock,permanent wave,pop rock,rock
t in the park;2006;;Red Hot Chili Peppers;rock;alternative rock,funk metal,funk rock,permanent wave,pop rock,rock
t in the park;2016;;Red Hot Chili Peppers;rock;alternative rock,funk metal,funk rock,permanent wave,pop rock,rock
v festival;2001;;Red Hot Chili Peppers;rock;alternative rock,funk metal,funk rock,permanent wave,pop rock,rock
v festival;2003;;Red Hot Chili Peppers;rock;alternative rock,funk metal,funk rock,permanent wave,pop rock,rock
Latitude;2015;;Portishead;rock;alternative rock,electronic,laboratorio,trip hop
Glastonbury;1984;;the smiths;rock;alternative rock,dance rock,indie rock,new wave,permanent wave,rock,uk post-punk
Glastonbury;1993;;lenny kravitz;rock;alternative rock,classic rock,funk rock,hard rock,neo mellow,permanent wave,pop rock,rock,singer-songwriter
bestival;2007;;Beastie Boys;hip hop;alternative rock,classic rock,east coast hip hop,electronic,funk rock,gangster rap,hip hop,old school hip hop,rap,rock
Reading;1998;;Beastie Boys;hip hop;alternative rock,classic rock,east coast hip hop,electronic,funk rock,gangster rap,hip hop,old school hip hop,rap,rock
Isle of Wight;2008;;Sex Pistols;punk;alternative rock,classic rock,dance rock,garage rock,hard rock,punk,rock
Latitude;2011;;The National;rock;alternative rock,chamber pop,folk-pop,freak folk,garage rock,indie folk,indie pop,indie rock,indietronica,lo-fi,neo-psychedelic,singer-songwriter,stomp and holler
Latitude;2016;;The National;rock;alternative rock,chamber pop,folk-pop,freak folk,garage rock,indie folk,indie pop,indie rock,indietronica,lo-fi,neo-psychedelic,singer-songwriter,stomp and holler
end of the road festival;2015;;sufjan stevens;indie;alternative rock,chamber pop,folk christmas,folk-pop,freak folk,indie christmas,indie folk,indie pop,indie rock,neo mellow,neo-psychedelic,pop christmas,singer-songwriter,stomp and holler
end of the road festival;2015;;the war on drugs;rock;alternative rock,chamber pop,chillwave,dream pop,folk-pop,freak folk,indie folk,indie pop,indie rock,indietronica,neo-psychedelic,noise pop,roots rock,singer-songwriter,stomp and holler
Glastonbury;1995;;Oasis;rock;alternative rock,britpop,indie rock,neo mellow,permanent wave,pop rock,rock
Glastonbury;2004;;Oasis;rock;alternative rock,britpop,indie rock,neo mellow,permanent wave,pop rock,rock
Reading;2000;;Oasis;rock;alternative rock,britpop,indie rock,neo mellow,permanent wave,pop rock,rock
t in the park;2002;;Oasis;rock;alternative rock,britpop,indie rock,neo mellow,permanent wave,pop rock,rock
v festival;2005;;Oasis;rock;alternative rock,britpop,indie rock,neo mellow,permanent wave,pop rock,rock
v festival;2009;;Oasis;rock;alternative rock,britpop,indie rock,neo mellow,permanent wave,pop rock,rock
boardmasters;2007;;Ash;rock;alternative rock,britpop,garage rock,indie rock,madchester,pop rock
Glastonbury;1997;;Ash;rock;alternative rock,britpop,garage rock,indie rock,madchester,pop rock
Glastonbury;2002;;Stereophonics;rock;alternative rock,britpop,electronic,garage rock,indie rock,neo mellow,pop rock,rock,welsh rock
Isle of Wight;2004;;Stereophonics;rock;alternative rock,britpop,electronic,garage rock,indie rock,neo mellow,pop rock,rock,welsh rock
Isle of Wight;2009;;Stereophonics;rock;alternative rock,britpop,electronic,garage rock,indie rock,neo mellow,pop rock,rock,welsh rock
Isle of Wight;2016;;Stereophonics;rock;alternative rock,britpop,electronic,garage rock,indie rock,neo mellow,pop rock,rock,welsh rock
Reading;2000;;Stereophonics;rock;alternative rock,britpop,electronic,garage rock,indie rock,neo mellow,pop rock,rock,welsh rock
t in the park;2001;;Stereophonics;rock;alternative rock,britpop,electronic,garage rock,indie rock,neo mellow,pop rock,rock,welsh rock
v festival;2002;;Stereophonics;rock;alternative rock,britpop,electronic,garage rock,indie rock,neo mellow,pop rock,rock,welsh rock
v festival;2008;;Stereophonics;rock;alternative rock,britpop,electronic,garage rock,indie rock,neo mellow,pop rock,rock,welsh rock
Glastonbury;2008;;The Verve;rock;alternative rock,britpop,electronic,garage rock,indie rock,madchester,neo mellow,neo-psychedelic,new wave,permanent wave,pop rock,rock
t in the park;2008;;The Verve;rock;alternative rock,britpop,electronic,garage rock,indie rock,madchester,neo mellow,neo-psychedelic,new wave,permanent wave,pop rock,rock
v festival;1998;;The Verve;rock;alternative rock,britpop,electronic,garage rock,indie rock,madchester,neo mellow,neo-psychedelic,new wave,permanent wave,pop rock,rock
v festival;2008;;The Verve;rock;alternative rock,britpop,electronic,garage rock,indie rock,madchester,neo mellow,neo-psychedelic,new wave,permanent wave,pop rock,rock
cornbury festival;2017;;Kaiser Chiefs;indie;alternative rock,britpop,dance-punk,garage rock,indie rock,new rave,rock
Isle of Wight;2008;;Kaiser Chiefs;indie;alternative rock,britpop,dance-punk,garage rock,indie rock,new rave,rock
Wireless;2007;;Kaiser Chiefs;indie;alternative rock,britpop,dance-punk,garage rock,indie rock,new rave,rock
Latitude;2011;;Suede;rock;alternative rock,britpop,dance rock,indie rock,madchester,new wave,new wave pop,rock
Reading;1997;;Suede;rock;alternative rock,britpop,dance rock,indie rock,madchester,new wave,new wave pop,rock
v festival;1999;;Suede;rock;alternative rock,britpop,dance rock,indie rock,madchester,new wave,new wave pop,rock
Glastonbury;1995;;Pulp;rock;alternative rock,britpop,dance rock,electronic,garage rock,indie rock,madchester,new wave,new wave pop,permanent wave,rock,sheffield indie
Glastonbury;1998;;Pulp;rock;alternative rock,britpop,dance rock,electronic,garage rock,indie rock,madchester,new wave,new wave pop,permanent wave,rock,sheffield indie
Reading;2000;;Pulp;rock;alternative rock,britpop,dance rock,electronic,garage rock,indie rock,madchester,new wave,new wave pop,permanent wave,rock,sheffield indie
t in the park;1996;;Pulp;rock;alternative rock,britpop,dance rock,electronic,garage rock,indie rock,madchester,new wave,new wave pop,permanent wave,rock,sheffield indie
t in the park;1998;;Pulp;rock;alternative rock,britpop,dance rock,electronic,garage rock,indie rock,madchester,new wave,new wave pop,permanent wave,rock,sheffield indie
v festival;1996;;Pulp;rock;alternative rock,britpop,dance rock,electronic,garage rock,indie rock,madchester,new wave,new wave pop,permanent wave,rock,sheffield indie
Wireless;2011;;Pulp;rock;alternative rock,britpop,dance rock,electronic,garage rock,indie rock,madchester,new wave,new wave pop,permanent wave,rock,sheffield indie
Glastonbury;1999;;Manic Street Preachers;rock;alternative rock,britpop,dance rock,electronic,garage rock,indie christmas,indie rock,madchester,new wave,new wave pop,permanent wave,pop rock,rock,welsh rock
Reading;1997;;Manic Street Preachers;rock;alternative rock,britpop,dance rock,electronic,garage rock,indie christmas,indie rock,madchester,new wave,new wave pop,permanent wave,pop rock,rock,welsh rock
Reading;2001;;Manic Street Preachers;rock;alternative rock,britpop,dance rock,electronic,garage rock,indie christmas,indie rock,madchester,new wave,new wave pop,permanent wave,pop rock,rock,welsh rock
t in the park;1999;;Manic Street Preachers;rock;alternative rock,britpop,dance rock,electronic,garage rock,indie christmas,indie rock,madchester,new wave,new wave pop,permanent wave,pop rock,rock,welsh rock
v festival;1999;;Manic Street Preachers;rock;alternative rock,britpop,dance rock,electronic,garage rock,indie christmas,indie rock,madchester,new wave,new wave pop,permanent wave,pop rock,rock,welsh rock
Glastonbury;1998;;Blur;rock;alternative rock,britpop,classic rock,dance rock,electronic,funk rock,garage rock,indie rock,neo-psychedelic,new wave,permanent wave,pop rock,rock
Glastonbury;2009;;Blur;rock;alternative rock,britpop,classic rock,dance rock,electronic,funk rock,garage rock,indie rock,neo-psychedelic,new wave,permanent wave,pop rock,rock
Isle of Wight;2015;;Blur;rock;alternative rock,britpop,classic rock,dance rock,electronic,funk rock,garage rock,indie rock,neo-psychedelic,new wave,permanent wave,pop rock,rock
Reading;1999;;Blur;rock;alternative rock,britpop,classic rock,dance rock,electronic,funk rock,garage rock,indie rock,neo-psychedelic,new wave,permanent wave,pop rock,rock
Reading;2003;;Blur;rock;alternative rock,britpop,classic rock,dance rock,electronic,funk rock,garage rock,indie rock,neo-psychedelic,new wave,permanent wave,pop rock,rock
t in the park;1999;;Blur;rock;alternative rock,britpop,classic rock,dance rock,electronic,funk rock,garage rock,indie rock,neo-psychedelic,new wave,permanent wave,pop rock,rock
t in the park;2009;;Blur;rock;alternative rock,britpop,classic rock,dance rock,electronic,funk rock,garage rock,indie rock,neo-psychedelic,new wave,permanent wave,pop rock,rock
v festival;1997;;Blur;rock;alternative rock,britpop,classic rock,dance rock,electronic,funk rock,garage rock,indie rock,neo-psychedelic,new wave,permanent wave,pop rock,rock
end of the road festival;2010;;modest mouse;indie;alternative rock,blues-rock,folk-pop,garage rock,indie folk,indie pop,indie rock,lo-fi,neo-psychedelic,noise pop,pop rock,stomp and holler
Glastonbury;2005;;The White Stripes;rock;alternative rock,blues-rock,classic rock,garage rock,indie rock,permanent wave,punk blues,rock
Reading;2004;;The White Stripes;rock;alternative rock,blues-rock,classic rock,garage rock,indie rock,permanent wave,punk blues,rock
Wireless;2007;;The White Stripes;rock;alternative rock,blues-rock,classic rock,garage rock,indie rock,permanent wave,punk blues,rock
Latitude;2014;;The Black Keys;rock;alternative rock,blues-rock,classic rock,garage rock,indie pop,indie rock,modern blues,punk blues,rock
Reading;2005;;Pixies;rock;alternative rock,blues-rock,boston rock,classic rock,dance rock,dance-punk,funk rock,garage rock,indie pop,indie rock,lo-fi,neo-psychedelic,new wave,noise pop,permanent wave,pop rock,rock
boardmasters;2009;;super furry animals;rock;alternative rock,big beat,britpop,chamber psych,electronic,madchester,neo-psychedelic,space rock,welsh rock
end of the road festival;2007;;super furry animals;rock;alternative rock,big beat,britpop,chamber psych,electronic,madchester,neo-psychedelic,space rock,welsh rock
bestival;2011;;The Cure;new wave;alternative rock,art rock,dance rock,new romantic,new wave,permanent wave,pop rock,rock
bestival;2016;;The Cure;new wave;alternative rock,art rock,dance rock,new romantic,new wave,permanent wave,pop rock,rock
Glastonbury;1986;;The Cure;new wave;alternative rock,art rock,dance rock,new romantic,new wave,permanent wave,pop rock,rock
Glastonbury;1990;;The Cure;new wave;alternative rock,art rock,dance rock,new romantic,new wave,permanent wave,pop rock,rock
Glastonbury;1995;;The Cure;new wave;alternative rock,art rock,dance rock,new romantic,new wave,permanent wave,pop rock,rock
Reading;2012;;The Cure;new wave;alternative rock,art rock,dance rock,new romantic,new wave,permanent wave,pop rock,rock
Glastonbury;1986;;the psychedelic furs;new wave;alternative rock,art rock,dance rock,dream pop,madchester,new romantic,new wave,new wave pop,post-punk,power pop,punk,synthpop,uk post-punk
Latitude;2009;;Nick Cave & the Bad Seeds;new wave;alternative rock,art rock,chamber pop,garage rock,new wave,permanent wave,singer-songwriter
Glastonbury;1985;;echo & the bunnymen;new wave;alternative rock,art rock,britpop,dance rock,dream pop,indie rock,madchester,neo-psychedelic,new romantic,new wave,new wave pop,permanent wave,post-punk,power pop,punk,rock,synthpop,uk post-punk
bestival;2008;;my bloody valentine;indie;alternative rock,art rock,britpop,chamber pop,dance rock,dance-punk,dream pop,electronic,experimental,experimental rock,freak folk,garage psych,indie pop,indie rock,indietronica,lo-fi,neo-psychedelic,new wave,no wave,noise pop,noise rock,nu gaze,post rock,post-hardcore,psychedelic rock,shoegaze,singer-songwriter,slow core,space rock,uk post-punk
end of the road festival;2008;;mercury rev;indie;alternative rock,art rock,britpop,chamber pop,chamber psych,dream pop,electronic,experimental,experimental rock,freak folk,garage rock,indie pop,indie rock,lo-fi,madchester,melancholia,neo-psychedelic,noise pop,post rock,post-punk,power pop,shoegaze,singer-songwriter,slow core,space rock,uk post-punk
bestival;2014;;beck;indie;alternative rock,anti-folk,classic rock,electronic,folk christmas,funk rock,garage rock,indie christmas,indie pop,indie rock,neo-psychedelic,permanent wave,pop rock,rock,singer-songwriter
end of the road festival;2006;;badly drawn boy;indie;alternative rock,anti-folk,britpop,chamber pop,folk-pop,indie folk,indie pop,indie rock,lo-fi,madchester,melancholia,neo-psychedelic,pop rock
end of the road festival;2013;;Belle & Sebastian;indie;alternative rock,anti-folk,britpop,chamber pop,folk rock,folk-pop,indie folk,indie pop,indie rock,lo-fi,melancholia,neo-psychedelic,new wave,pop rock,scottish rock,singer-songwriter,slow core,stomp and holler,swedish indie rock,twee pop
Latitude;2010;;Belle & Sebastian;indie;alternative rock,anti-folk,britpop,chamber pop,folk rock,folk-pop,indie folk,indie pop,indie rock,lo-fi,melancholia,neo-psychedelic,new wave,pop rock,scottish rock,singer-songwriter,slow core,stomp and holler,swedish indie rock,twee pop
end of the road festival;2012;;grandaddy;indie;alternative rock,anti-folk,britpop,chamber pop,chamber psych,dance-punk,dream pop,e6fi,folk-pop,freak folk,garage psych,indie folk,indie pop,indie rock,lo-fi,neo-psychedelic,noise pop,nu gaze,power pop,singer-songwriter,slow core,space rock,stomp and holler
bestival;2010;;the flaming lips;indie;alternative rock,anti-folk,blues-rock,chamber pop,dance-punk,dream pop,experimental rock,folk-pop,freak folk,garage rock,indie christmas,indie folk,indie pop,indie rock,indietronica,lo-fi,neo-psychedelic,new rave,new wave,noise pop,ok indie,psychedelic rock,rock,singer-songwriter,slow core,space rock
end of the road festival;2014;;the flaming lips;indie;alternative rock,anti-folk,blues-rock,chamber pop,dance-punk,dream pop,experimental rock,folk-pop,freak folk,garage rock,indie christmas,indie folk,indie pop,indie rock,indietronica,lo-fi,neo-psychedelic,new rave,new wave,noise pop,ok indie,psychedelic rock,rock,singer-songwriter,slow core,space rock
lovebox;2008;;the flaming lips;indie;alternative rock,anti-folk,blues-rock,chamber pop,dance-punk,dream pop,experimental rock,folk-pop,freak folk,garage rock,indie christmas,indie folk,indie pop,indie rock,indietronica,lo-fi,neo-psychedelic,new rave,new wave,noise pop,ok indie,psychedelic rock,rock,singer-songwriter,slow core,space rock
end of the road festival;2007;;yo la tengo;indie;alternative rock,anti-folk,art rock,chamber pop,dance rock,dance-punk,dream pop,experimental rock,folk-pop,freak folk,garage psych,garage rock,indie folk,indie pop,indie rock,indietronica,lo-fi,neo-psychedelic,new wave,noise pop,noise rock,nu gaze,permanent wave,post rock,post-punk,power pop,roots rock,shoegaze,singer-songwriter,slow core,space rock,stomp and holler,uk post-punk
end of the road festival;2010;;yo la tengo;indie;alternative rock,anti-folk,art rock,chamber pop,dance rock,dance-punk,dream pop,experimental rock,folk-pop,freak folk,garage psych,garage rock,indie folk,indie pop,indie rock,indietronica,lo-fi,neo-psychedelic,new wave,noise pop,noise rock,nu gaze,permanent wave,post rock,post-punk,power pop,roots rock,shoegaze,singer-songwriter,slow core,space rock,stomp and holler,uk post-punk
download;2009;;Slipknot;metal;#N/A
download;2013;;Slipknot;metal;#N/A
download;2015;;Slipknot;metal;#N/A
download;2004;;Linkin Park;metal;alternative metal,nu metal,post-grunge,rap metal
download;2007;;Linkin Park;metal;alternative metal,nu metal,post-grunge,rap metal
download;2011;;Linkin Park;metal;alternative metal,nu metal,post-grunge,rap metal
download;2014;;Linkin Park;metal;alternative metal,nu metal,post-grunge,rap metal
Reading;2003;;Linkin Park;metal;alternative metal,nu metal,post-grunge,rap metal
download;2014;;Avenged sevenfold;metal;alternative metal,nu metal,pop punk,post-grunge,rock
download;2013;;rammstein;metal;alternative metal,german metal,industrial,industrial metal,industrial rock,neue deutsche harte,nu metal
download;2016;;rammstein;metal;alternative metal,german metal,industrial,industrial metal,industrial rock,neue deutsche harte,nu metal
download;2008;;The Offspring;punk;alternative metal,alternative rock,permanent wave,pop punk,pop rock,post-grunge,punk,rock,skate punk
download;2004;;Metallica;metal;alternative metal,alternative rock,hard rock,metal,rock,speed metal,thrash metal
download;2006;;Metallica;metal;alternative metal,alternative rock,hard rock,metal,rock,speed metal,thrash metal
download;2012;;Metallica;metal;alternative metal,alternative rock,hard rock,metal,rock,speed metal,thrash metal
Glastonbury;2014;;Metallica;metal;alternative metal,alternative rock,hard rock,metal,rock,speed metal,thrash metal
Reading;1997;;Metallica;metal;alternative metal,alternative rock,hard rock,metal,rock,speed metal,thrash metal
Reading;2003;;Metallica;metal;alternative metal,alternative rock,hard rock,metal,rock,speed metal,thrash metal
Reading;2008;;Metallica;metal;alternative metal,alternative rock,hard rock,metal,rock,speed metal,thrash metal
Reading;2015;;Metallica;metal;alternative metal,alternative rock,hard rock,metal,rock,speed metal,thrash metal
download;2005;;system of a down;metal;alternative metal,alternative rock,funk rock,nu metal,post-grunge,rock
download;2011;;system of a down;metal;alternative metal,alternative rock,funk rock,nu metal,post-grunge,rock
download;2017;;system of a down;metal;alternative metal,alternative rock,funk rock,nu metal,post-grunge,rock
Glastonbury;2017;;Foo Fighters;rock;alternative metal,alternative rock,funk rock,hard rock,permanent wave,pop rock,post-grunge,rock
Isle of Wight;2006;;Foo Fighters;rock;alternative metal,alternative rock,funk rock,hard rock,permanent wave,pop rock,post-grunge,rock
Isle of Wight;2011;;Foo Fighters;rock;alternative metal,alternative rock,funk rock,hard rock,permanent wave,pop rock,post-grunge,rock
Reading;2002;;Foo Fighters;rock;alternative metal,alternative rock,funk rock,hard rock,permanent wave,pop rock,post-grunge,rock
Reading;2005;;Foo Fighters;rock;alternative metal,alternative rock,funk rock,hard rock,permanent wave,pop rock,post-grunge,rock
Reading;2012;;Foo Fighters;rock;alternative metal,alternative rock,funk rock,hard rock,permanent wave,pop rock,post-grunge,rock
t in the park;2005;;Foo Fighters;rock;alternative metal,alternative rock,funk rock,hard rock,permanent wave,pop rock,post-grunge,rock
t in the park;2011;;Foo Fighters;rock;alternative metal,alternative rock,funk rock,hard rock,permanent wave,pop rock,post-grunge,rock
v festival;2007;;Foo Fighters;rock;alternative metal,alternative rock,funk rock,hard rock,permanent wave,pop rock,post-grunge,rock
download;2003;;audioslave;rock;alternative metal,alternative rock,funk rock,hard rock,nu metal,permanent wave,post-grunge,rock
download;2009;;Faith no More;rock;alternative metal,alternative rock,funk metal,funk rock,groove metal,grunge,hard rock,metal,nu metal,post-grunge,rap metal,rap rock,rock
Reading;2014;;Queens of the Stone Age;rock;alternative metal,alternative rock,blues-rock,funk rock,garage rock,indie rock,neo-psychedelic,nu metal,post-grunge,rock,stoner metal,stoner rock
Reading;2007;;The Smashing Pumpkins;rock;alternative metal,alternative rock,blues-rock,funk rock,garage rock,grunge,indie rock,nu metal,permanent wave,pop christmas,pop rock,post-grunge,rock
download;2010;;Rage Against the Machine;rock;alternative metal,alternative rock,blues-rock,funk metal,funk rock,garage rock,nu metal,post-grunge,rap metal,rap rock,rock
Reading;2008;;Rage Against the Machine;rock;alternative metal,alternative rock,blues-rock,funk metal,funk rock,garage rock,nu metal,post-grunge,rap metal,rap rock,rock
t in the park;1994;;Rage Against the Machine;rock;alternative metal,alternative rock,blues-rock,funk metal,funk rock,garage rock,nu metal,post-grunge,rap metal,rap rock,rock
t in the park;2008;;Rage Against the Machine;rock;alternative metal,alternative rock,blues-rock,funk metal,funk rock,garage rock,nu metal,post-grunge,rap metal,rap rock,rock
download;2008;;Lostprophets;rock;alternative metal
bestival;2017;;a tribe called quest;hip hop;alternative hip hop,east coast hip hop,gangster rap,hardcore hip hop,hip hop,pop rap,rap,southern hip hop
boardmasters;2017;;two door cinema club;indie;alternative dance,indie pop,indie rock,indietronica,irish rock,new rave,pop
bestival;2017;;the xx;indie;alternative dance,downtempo,dream pop,indietronica,synthpop
lovebox;2014;;M.I.A.;hip hop;alternative dance,dance pop,escape room,hip pop,indie r&b,new rave,pop
lovebox;2011;;scissor sisters;pop;alternative dance,dance pop,disco house,europop,pop,pop rock,synthpop
v festival;2005;;scissor sisters;pop;alternative dance,dance pop,disco house,europop,pop,pop rock,synthpop
lovebox;2012;;friendly fires;new wave;alternative dance,chillwave,dance-punk,electronic,indie pop,indie rock,indietronica,new rave,nu disco,shimmer pop,synthpop
bestival;2011;;bjork;pop;alternative dance,chamber pop,electronic,icelandic pop,metropopolis,permanent wave,pop rock,synthpop,trip hop
lovebox;2013;;goldfrapp;indie;alternative dance,chamber pop,electroclash,electronic,indie christmas,indietronica,new rave,new wave pop,pop christmas,pop rock,synthpop,trip hop
bestival;2016;;hot chip;indie;alternative dance,chamber pop,chillwave,dance-punk,electronic,indie christmas,indie pop,indie r&b,indie rock,indietronica,new rave,synthpop
lovebox;2012;;hot chip;indie;alternative dance,chamber pop,chillwave,dance-punk,electronic,indie christmas,indie pop,indie r&b,indie rock,indietronica,new rave,synthpop
end of the road festival;2016;;bat for lashes;indie;alternative dance,chamber pop,chamber psych,dream pop,etherpop,folk-pop,indie pop,indie r&b,indietronica,metropopolis,new rave,pop,synthpop,trip hop
bestival;2008;;underworld;electronic;alternative dance,big beat,disco house,electronic,intelligent dance music,madchester,new rave,trip hop
boardmasters;2013;;Basement Jaxx;electronic;alternative dance,big beat,disco house,electronic,house,new rave,trip hop,tropical house,uk garage,vocal house
Glastonbury;2005;;Basement Jaxx;electronic;alternative dance,big beat,disco house,electronic,house,new rave,trip hop,tropical house,uk garage,vocal house
Wireless;2005;;Basement Jaxx;electronic;alternative dance,big beat,disco house,electronic,house,new rave,trip hop,tropical house,uk garage,vocal house
Wireless;2009;;Basement Jaxx;electronic;alternative dance,big beat,disco house,electronic,house,new rave,trip hop,tropical house,uk garage,vocal house
bestival;2007;;The Chemical Brothers;electronic;alternative dance,big beat,breakbeat,disco house,electronic,new rave,trip hop
bestival;2015;;The Chemical Brothers;electronic;alternative dance,big beat,breakbeat,disco house,electronic,new rave,trip hop
Glastonbury;2000;;The Chemical Brothers;electronic;alternative dance,big beat,breakbeat,disco house,electronic,new rave,trip hop
t in the park;2002;;The Chemical Brothers;electronic;alternative dance,big beat,breakbeat,disco house,electronic,new rave,trip hop
v festival;2002;;The Chemical Brothers;electronic;alternative dance,big beat,breakbeat,disco house,electronic,new rave,trip hop
Wireless;2011;;The Chemical Brothers;electronic;alternative dance,big beat,breakbeat,disco house,electronic,new rave,trip hop
Glastonbury;2014;;Kasabian;rock;alternative dance,alternative rock,electronic,garage rock,indie rock,new rave,rock
Isle of Wight;2011;;Kasabian;rock;alternative dance,alternative rock,electronic,garage rock,indie rock,new rave,rock
Reading;2012;;Kasabian;rock;alternative dance,alternative rock,electronic,garage rock,indie rock,new rave,rock
Reading;2017;;Kasabian;rock;alternative dance,alternative rock,electronic,garage rock,indie rock,new rave,rock
t in the park;2010;;Kasabian;rock;alternative dance,alternative rock,electronic,garage rock,indie rock,new rave,rock
t in the park;2012;;Kasabian;rock;alternative dance,alternative rock,electronic,garage rock,indie rock,new rave,rock
t in the park;2015;;Kasabian;rock;alternative dance,alternative rock,electronic,garage rock,indie rock,new rave,rock
v festival;2007;;Kasabian;rock;alternative dance,alternative rock,electronic,garage rock,indie rock,new rave,rock
v festival;2010;;Kasabian;rock;alternative dance,alternative rock,electronic,garage rock,indie rock,new rave,rock
v festival;2015;;Kasabian;rock;alternative dance,alternative rock,electronic,garage rock,indie rock,new rave,rock
Wireless;2005;;Kasabian;rock;alternative dance,alternative rock,electronic,garage rock,indie rock,new rave,rock
Latitude;2008;;Franz Ferdinand;rock;alternative dance,alternative rock,dance-punk,garage rock,indie rock,new rave,rock
Reading;2006;;Franz Ferdinand;rock;alternative dance,alternative rock,dance-punk,garage rock,indie rock,new rave,rock
v festival;2005;;Franz Ferdinand;rock;alternative dance,alternative rock,dance-punk,garage rock,indie rock,new rave,rock
Latitude;2008;;Interpol;indie;alternative dance,alternative rock,dance-punk,garage rock,indie pop,indie rock,indietronica,new rave,new wave,pop rock,rock
bestival;2014;;Foals;indie;alternative dance,alternative rock,dance-punk,garage rock,indie pop,indie rock,indietronica,math pop,new rave,shimmer pop,synthpop
Latitude;2013;;Foals;indie;alternative dance,alternative rock,dance-punk,garage rock,indie pop,indie rock,indietronica,math pop,new rave,shimmer pop,synthpop
Reading;2016;;Foals;indie;alternative dance,alternative rock,dance-punk,garage rock,indie pop,indie rock,indietronica,math pop,new rave,shimmer pop,synthpop
Latitude;2013;;Bloc Party;indie;alternative dance,alternative rock,dance-punk,electronic,garage rock,indie pop,indie rock,indietronica,new rave,rock,synthpop
end of the road festival;2012;;beach house;indie;alternative dance,alternative rock,chamber pop,chillwave,dream pop,folk-pop,freak folk,indie folk,indie pop,indie r&b,indie rock,indietronica,lo-fi,neo-psychedelic,new rave,noise pop,shimmer pop,stomp and holler,synthpop
Glastonbury;2014;;Arcade Fire;indie;alternative dance,alternative rock,canadian indie,canadian pop,chamber pop,dance-punk,folk-pop,garage rock,indie folk,indie pop,indie rock,indietronica,neo-psychedelic,new rave,permanent wave,rock,stomp and holler
Isle of Wight;2017;;Arcade Fire;indie;alternative dance,alternative rock,canadian indie,canadian pop,chamber pop,dance-punk,folk-pop,garage rock,indie folk,indie pop,indie rock,indietronica,neo-psychedelic,new rave,permanent wave,rock,stomp and holler
Latitude;2007;;Arcade Fire;indie;alternative dance,alternative rock,canadian indie,canadian pop,chamber pop,dance-punk,folk-pop,garage rock,indie folk,indie pop,indie rock,indietronica,neo-psychedelic,new rave,permanent wave,rock,stomp and holler
Reading;2010;;Arcade Fire;indie;alternative dance,alternative rock,canadian indie,canadian pop,chamber pop,dance-punk,folk-pop,garage rock,indie folk,indie pop,indie rock,indietronica,neo-psychedelic,new rave,permanent wave,rock,stomp and holler
Latitude;2010;;Vampire Weekend;indie;alternative dance,alternative rock,brooklyn indie,folk-pop,garage rock,indie folk,indie pop,indie rock,indietronica,neo-psychedelic,new rave,stomp and holler,synthpop
lovebox;2016;;lcd soundsystem;indie;alternative dance,alternative rock,brooklyn indie,chamber pop,dance-punk,electronic,garage rock,indie folk,indie pop,indie rock,indietronica,neo-psychedelic,new rave,new wave,synthpop
Wireless;2010;;lcd soundsystem;indie;alternative dance,alternative rock,brooklyn indie,chamber pop,dance-punk,electronic,garage rock,indie folk,indie pop,indie rock,indietronica,neo-psychedelic,new rave,new wave,synthpop
end of the road festival;2012;;grizzly bear;indie;alternative dance,alternative rock,brooklyn indie,chamber pop,chillwave,dream pop,folk-pop,freak folk,indie folk,indie pop,indie r&b,indie rock,indietronica,lo-fi,neo-psychedelic,new rave,new weird america,noise pop,shimmer pop,stomp and holler,synthpop
bestival;2012;;New Order;new wave;alternative dance,alternative rock,britpop,dance rock,electronic,indie rock,madchester,new romantic,new wave,new wave pop,permanent wave,post-punk,rock,synthpop,uk post-punk
Glastonbury;1981;;New Order;new wave;alternative dance,alternative rock,britpop,dance rock,electronic,indie rock,madchester,new romantic,new wave,new wave pop,permanent wave,post-punk,rock,synthpop,uk post-punk
Latitude;2016;;New Order;new wave;alternative dance,alternative rock,britpop,dance rock,electronic,indie rock,madchester,new romantic,new wave,new wave pop,permanent wave,post-punk,rock,synthpop,uk post-punk
Wireless;2005;;New Order;new wave;alternative dance,alternative rock,britpop,dance rock,electronic,indie rock,madchester,new romantic,new wave,new wave pop,permanent wave,post-punk,rock,synthpop,uk post-punk
Reading;1998;;Garbage;rock;alternative dance,alternative rock,britpop,dance pop,dance rock,electronic,lilith,new wave pop,permanent wave,pop rock,post-grunge,rock,synthpop
end of the road festival;2014;;St. Vincent;rock;alternative dance,alternative rock,anti-folk,chamber pop,chillwave,dream pop,escape room,etherpop,folk-pop,freak folk,indie folk,indie pop,indie r&b,indie rock,indietronica,lo-fi,metropopolis,neo-psychedelic,new rave,noise pop,pop,pop rock,shimmer pop,singer-songwriter,synthpop
end of the road festival;2016;;animal collective;indie;alternative dance,alternative rock,anti-folk,chamber pop,chillwave,dance-punk,dream pop,escape room,experimental rock,folk-pop,freak folk,indie folk,indie pop,indie r&b,indie rock,indietronica,lo-fi,neo-psychedelic,new rave,noise pop,noise rock,nu gaze,post rock,shimmer pop,synthpop
end of the road festival;2007;;ryan adams;folk;alternative country,folk-pop,indie folk,indie pop,neo mellow,new americana,pop rock,roots rock,singer-songwriter,stomp and holler
end of the road festival;2008;;calexico;folk;alternative country,folk christmas,folk-pop,indie christmas,indie folk,roots rock,singer-songwriter,slow core,stomp and holler
end of the road festival;2009;;steve earle;folk;alternative country,country rock,folk,folk rock,mellow gold,new americana,outlaw country,rock,roots rock,singer-songwriter,southern rock,texas country,traditional country,traditional folk
end of the road festival;2017;;lucinda williams;folk;alternative country,anti-folk,country blues,country rock,folk,folk rock,folk-pop,lilith,mellow gold,new americana,outlaw country,roots rock,singer-songwriter,texas country,traditional folk
end of the road festival;2008;;conor oberst;folk;alternative country,anti-folk,chamber pop,folk-pop,freak folk,indie folk,indie pop,indie rock,lo-fi,melancholia,new americana,pop rock,roots rock,singer-songwriter,slow core,stomp and holler
end of the road festival;2006;;lambchop;folk;alternative country,anti-folk,art rock,chamber pop,chamber psych,folk-pop,freak folk,indie folk,indie pop,indie rock,lo-fi,melancholia,new weird america,roots rock,singer-songwriter,slow core
end of the road festival;2010;;wilco;folk;alternative country,alternative rock,chamber pop,chicago indie,folk rock,folk-pop,freak folk,garage rock,indie folk,indie pop,indie rock,lo-fi,neo-psychedelic,new americana,pop rock,rock,roots rock,singer-songwriter,slow core,stomp and holler
Latitude;2015;;Noel Gallagher's High Flying Birds;rock;alt-indie rock,britpop,garage rock,indie rock,madchester,rock
t in the park;2015;;Noel Gallagher's High Flying Birds;rock;alt-indie rock,britpop,garage rock,indie rock,madchester,rock
boardmasters;2013;;the vaccines;indie;alt-indie rock,britpop,garage rock,indie pop,indie rock,indietronica
bestival;2017;;jamie t;indie;alt-indie rock,britpop,garage rock,grime,indie rock,new rave
boardmasters;2008;;the pigeon detectives;rock;alt-indie rock,britpop,dance-punk,garage rock,indie rock,madchester,new rave,sheffield indie
Reading;2015;;The Libertines;rock;alt-indie rock,alternative rock,britpop,dance-punk,funk rock,garage rock,indie rock,madchester,new rave,rock
Isle of Wight;2013;;The Stone Roses;rock;alt-indie rock,alternative rock,britpop,classic rock,dance rock,electronic,funk rock,garage rock,indie rock,madchester,new wave,rock
t in the park;2012;;The Stone Roses;rock;alt-indie rock,alternative rock,britpop,classic rock,dance rock,electronic,funk rock,garage rock,indie rock,madchester,new wave,rock
t in the park;2016;;The Stone Roses;rock;alt-indie rock,alternative rock,britpop,classic rock,dance rock,electronic,funk rock,garage rock,indie rock,madchester,new wave,rock
v festival;2012;;The Stone Roses;rock;alt-indie rock,alternative rock,britpop,classic rock,dance rock,electronic,funk rock,garage rock,indie rock,madchester,new wave,rock
Glastonbury;1990;;happy mondays;indie;alt-indie rock,alternative rock,big beat,britpop,dance rock,electronic,indie rock,madchester,neo-psychedelic,new romantic,new wave,new wave pop,post-punk,uk post-punk
Isle of Wight;2002;;The charlatans;indie;alt-indie rock,alternative rock,big beat,britpop,chamber psych,dance rock,dream pop,electronic,indie rock,madchester,neo-psychedelic,new wave
Reading;1999;;the charlatans;indie;alt-indie rock,alternative rock,big beat,britpop,chamber psych,dance rock,dream pop,electronic,indie rock,madchester,neo-psychedelic,new wave
t in the park;1997;;the charlatans;indie;alt-indie rock,alternative rock,big beat,britpop,chamber psych,dance rock,dream pop,electronic,indie rock,madchester,neo-psychedelic,new wave
v festival;1998;;the charlatans;indie;alt-indie rock,alternative rock,big beat,britpop,chamber psych,dance rock,dream pop,electronic,indie rock,madchester,neo-psychedelic,new wave
lovebox;2011;;the wombats;indie;alt-indie rock,alternative dance,garage rock,indie christmas,indie pop,indie rock,indietronica,new rave
end of the road festival;2014;;wild beasts;indie;alt-indie rock,alternative dance,chamber pop,chamber psych,chillwave,dance-punk,dream pop,indie pop,indie r&b,indie rock,indietronica,leeds indie,new rave,nu gaze,shimmer pop,synthpop
boardmasters;2011;;bombay bicycle club;indie;alt-indie rock,alternative dance,british indie rock,folk-pop,garage rock,indie folk,indie pop,indie rock,indietronica,new rave,shimmer pop,stomp and holler,synthpop
Latitude;2016;;The Maccabees;indie;alt-indie rock,alternative dance,british indie rock,britpop,dance-punk,garage rock,indie folk,indie rock,indietronica,new rave,shimmer pop
bestival;2007;;Primal Scream;rock;alt-indie rock,alternative dance,alternative rock,big beat,britpop,classic rock,dance rock,dance-punk,dream pop,electronic,funk rock,garage rock,indie rock,madchester,neo-psychedelic,new rave,new wave,rock,space rock,trip hop
Glastonbury;1998;;Primal Scream;rock;alt-indie rock,alternative dance,alternative rock,big beat,britpop,classic rock,dance rock,dance-punk,dream pop,electronic,funk rock,garage rock,indie rock,madchester,neo-psychedelic,new rave,new wave,rock,space rock,trip hop
t in the park;1994;;Primal Scream;rock;alt-indie rock,alternative dance,alternative rock,big beat,britpop,classic rock,dance rock,dance-punk,dream pop,electronic,funk rock,garage rock,indie rock,madchester,neo-psychedelic,new rave,new wave,rock,space rock,trip hop
cornbury festival;2015;;the jacques;indie;alt-indie rock
end of the road festival;2011;;beirut;folk;albuquerque indie,chamber pop,folk-pop,freak folk,indie folk,indie pop,indie rock,stomp and holler
Isle of Wight;2013;;Bon Jovi;rock;album rock,glam metal,hard rock,heavy christmas,rock
rewind;2014;;thompson twins;pop;album rock,dance rock,disco,mellow gold,new romantic,new wave,new wave pop,rock,soft rock,synthpop
rewind;2015;;thompson twins;pop;album rock,dance rock,disco,mellow gold,new romantic,new wave,new wave pop,rock,soft rock,synthpop
Reading;2004;;The Darkness;rock;album rock,comic,glam metal,hard rock,heavy christmas,metal,rock
t in the park;2004;;The Darkness;rock;album rock,comic,glam metal,hard rock,heavy christmas,metal,rock
download;2003;;Iron Maiden;metal;album rock,classic rock,hard rock,metal,nwobhm,rock
download;2007;;Iron Maiden;metal;album rock,classic rock,hard rock,metal,nwobhm,rock
download;2013;;Iron Maiden;metal;album rock,classic rock,hard rock,metal,nwobhm,rock
download;2016;;Iron Maiden;metal;album rock,classic rock,hard rock,metal,nwobhm,rock
Reading;2005;;Iron Maiden;metal;album rock,classic rock,hard rock,metal,nwobhm,rock
download;2010;;AC/DC;rock;album rock,classic rock,hard rock,heavy christmas,rock
Isle of Wight;2016;;Queen with Adam Lambert;rock;#N/A
download;2009;;Def Leppard;rock;album rock,classic rock,glam metal,hard rock,metal,rock
download;2011;;Def Leppard;rock;album rock,classic rock,glam metal,hard rock,metal,rock
download;2008;;KISS;rock;album rock,classic rock,glam metal,glam rock,hard rock,metal,rock
download;2015;;KISS;rock;album rock,classic rock,glam metal,glam rock,hard rock,metal,rock
bestival;2013;;elton john;pop rock;album rock,classic rock,folk christmas,glam rock,mellow gold,piano rock,rock,singer-songwriter,soft rock
Isle of Wight;2014;;Billy Idol;punk;album rock,classic rock,dance rock,glam metal,hard rock,heavy christmas,mellow gold,new romantic,new wave,new wave pop,rock,soft rock,synthpop
rewind;2014;;billy ocean;soul;album rock,classic funk rock,dance pop,dance rock,disco,europop,mellow gold,motown,new romantic,new wave,new wave pop,quiet storm,soft rock
cornbury festival;2007;;blondie;rock;album rock,candy pop,classic rock,dance pop,dance rock,mellow gold,new romantic,new wave,new wave pop,permanent wave,pop rock,power pop,punk,rock,soft rock,synthpop
cornbury festival;2017;;Bryan Adams;rock;album rock,canadian pop,hard rock,mellow gold,rock,soft rock
Isle of Wight;2003;;Bryan Adams;rock;album rock,canadian pop,hard rock,mellow gold,rock,soft rock
Glastonbury;2013;;The Rolling Stones;rock;album rock,british invasion,classic rock,folk rock,hard rock,mellow gold,protopunk,rock,singer-songwriter
Isle of Wight;2007;;The Rolling Stones;rock;album rock,british invasion,classic rock,folk rock,hard rock,mellow gold,protopunk,rock,singer-songwriter
Isle of Wight;2015;;Fleetwood Mac;rock;album rock,british blues,classic rock,folk rock,hard rock,mellow gold,rock,singer-songwriter,soft rock
cornbury festival;2008;;paul simon;rock;album rock,brill building pop,classic rock,folk,folk christmas,folk rock,folk-pop,mellow gold,neo mellow,permanent wave,pop rock,rock,roots rock,singer-songwriter,soft rock,soul,traditional folk
Glastonbury;2009;;Neil Young;rock;album rock,blues-rock,classic rock,mellow gold,permanent wave,protopunk,psychedelic rock,rock,roots rock,singer-songwriter,soft rock
Isle of Wight;2009;;Neil Young;rock;album rock,blues-rock,classic rock,mellow gold,permanent wave,protopunk,psychedelic rock,rock,roots rock,singer-songwriter,soft rock
Glastonbury;1982;;van morrison;rock;album rock,blues-rock,classic rock,folk,folk rock,mellow gold,rock,roots rock,singer-songwriter,soft rock,soul
Glastonbury;1987;;van morrison;rock;album rock,blues-rock,classic rock,folk,folk rock,mellow gold,rock,roots rock,singer-songwriter,soft rock,soul
Glastonbury;1989;;van morrison;rock;album rock,blues-rock,classic rock,folk,folk rock,mellow gold,rock,roots rock,singer-songwriter,soft rock,soul
cornbury festival;2011;;status quo;rock;album rock,blues-rock,british blues,classic rock,glam rock,hard rock,heavy christmas,mellow gold,rock,soft rock,southern rock
cornbury festival;2005;;joe cocker;rock;album rock,blues-rock,british blues,classic rock,electric blues,folk rock,mellow gold,rock,roots rock,singer-songwriter,soft rock
Glastonbury;1985;;joe cocker;rock;album rock,blues-rock,british blues,classic rock,electric blues,folk rock,mellow gold,rock,roots rock,singer-songwriter,soft rock
cornbury festival;2015;;roger hodgson;rock;album rock,art rock,mellow gold,progressive rock,soft rock,symphonic rock
Glastonbury;1979;;peter gabriel;rock;album rock,art rock,dance rock,mellow gold,new romantic,new wave,permanent wave,progressive rock,rock,singer-songwriter,soft rock,symphonic rock
Glastonbury;1994;;peter gabriel;rock;album rock,art rock,dance rock,mellow gold,new romantic,new wave,permanent wave,progressive rock,rock,singer-songwriter,soft rock,symphonic rock
bestival;2015;;duran duran;new wave;album rock,art rock,dance pop,dance rock,mellow gold,new romantic,new wave,new wave pop,pop rock,rock,soft rock,synthpop
lovebox;2009;;duran duran;new wave;album rock,art rock,dance pop,dance rock,mellow gold,new romantic,new wave,new wave pop,pop rock,rock,soft rock,synthpop
Glastonbury;2004;;Paul McCartney;rock;album rock,art rock,classic rock,folk rock,mellow gold,pop christmas,rock,roots rock,singer-songwriter,soft rock
Isle of Wight;2010;;Paul McCartney;rock;album rock,art rock,classic rock,folk rock,mellow gold,pop christmas,rock,roots rock,singer-songwriter,soft rock
Isle of Wight;2008;;The Police;rock;album rock,art rock,classic rock,dance rock,hard rock,mellow gold,new romantic,new wave,new wave pop,permanent wave,rock,soft rock
lovebox;2010;;roxy music;rock;album rock,art rock,classic rock,dance rock,glam rock,melancholia,mellow gold,new romantic,new wave,new wave pop,post-punk,protopunk,rock,singer-songwriter,soft rock,synthpop,uk post-punk
cornbury festival;2017;;pretenders;rock;album rock,art rock,classic rock,dance rock,folk christmas,lilith,mellow gold,new romantic,new wave,new wave pop,permanent wave,pop rock,power pop,rock,roots rock,singer-songwriter,soft rock,synthpop
Glastonbury;1971;;David Bowie;pop;album rock,art rock,classic funk rock,classic rock,dance rock,glam rock,mellow gold,new wave,permanent wave,pop christmas,protopunk,rock,singer-songwriter,soft rock
Glastonbury;2000;;David Bowie;pop;album rock,art rock,classic funk rock,classic rock,dance rock,glam rock,mellow gold,new wave,permanent wave,pop christmas,protopunk,rock,singer-songwriter,soft rock
Isle of Wight;2004;;David Bowie;pop;album rock,art rock,classic funk rock,classic rock,dance rock,glam rock,mellow gold,new wave,permanent wave,pop christmas,protopunk,rock,singer-songwriter,soft rock
cornbury festival;2010;;jackson browne;rock;album rock,art rock,blues-rock,classic rock,country rock,folk,folk christmas,folk rock,folk-pop,hard rock,lilith,mellow gold,piano rock,pop rock,rock,rock-and-roll,rockabilly,roots rock,singer-songwriter,soft rock,southern rock,traditional folk
Glastonbury;1982;;jackson browne;rock;album rock,art rock,blues-rock,classic rock,country rock,folk,folk christmas,folk rock,folk-pop,hard rock,lilith,mellow gold,piano rock,pop rock,rock,rock-and-roll,rockabilly,roots rock,singer-songwriter,soft rock,southern rock,traditional folk
Glastonbury;2007;;The Who;rock;album rock,art rock,blues-rock,british invasion,classic rock,folk rock,hard rock,mellow gold,protopunk,rock,roots rock,singer-songwriter,soft rock
Glastonbury;2015;;The Who;rock;album rock,art rock,blues-rock,british invasion,classic rock,folk rock,hard rock,mellow gold,protopunk,rock,roots rock,singer-songwriter,soft rock
Isle of Wight;2004;;The Who;rock;album rock,art rock,blues-rock,british invasion,classic rock,folk rock,hard rock,mellow gold,protopunk,rock,roots rock,singer-songwriter,soft rock
Isle of Wight;2016;;The Who;rock;album rock,art rock,blues-rock,british invasion,classic rock,folk rock,hard rock,mellow gold,protopunk,rock,roots rock,singer-songwriter,soft rock
t in the park;2006;;The Who;rock;album rock,art rock,blues-rock,british invasion,classic rock,folk rock,hard rock,mellow gold,protopunk,rock,roots rock,singer-songwriter,soft rock
Wireless;2006;;The Who;rock;album rock,art rock,blues-rock,british invasion,classic rock,folk rock,hard rock,mellow gold,protopunk,rock,roots rock,singer-songwriter,soft rock
Glastonbury;1981;;hawkwind;rock;album rock,art rock,blues-rock,british blues,classic rock,experimental,experimental rock,hard rock,kraut rock,neo-psychedelic,progressive rock,protopunk,psychedelic rock,pub rock,rock,space rock,stoner rock,symphonic rock
cornbury festival;2006;;robert plant;rock;album rock,art rock,blues-rock,british blues,classic rock,electric blues,folk rock,hard rock,mellow gold,progressive rock,rock,roots rock,singer-songwriter,soft rock,symphonic rock
Glastonbury;1970;;T. rex;rock;album rock,art rock,blues-rock,british blues,britpop,classic rock,dance rock,folk rock,garage rock,glam rock,hard rock,heavy christmas,new wave,protopunk,psychedelic rock,punk,rock,singer-songwriter
download;2010;;Aerosmith;rock;album rock,alternative rock,classic rock,hard rock,mellow gold,rock
download;2014;;Aerosmith;rock;album rock,alternative rock,classic rock,hard rock,mellow gold,rock
download;2017;;Aerosmith;rock;album rock,alternative rock,classic rock,hard rock,mellow gold,rock
download;2006;;Guns N' Roses;rock;album rock,alternative rock,classic rock,glam metal,hard rock,rock
Reading;2010;;Guns N' Roses;rock;album rock,alternative rock,classic rock,glam metal,hard rock,rock
Glastonbury;1999;;R.E.M.;rock;album rock,alternative rock,classic rock,dance rock,folk christmas,hard rock,indie rock,mellow gold,neo mellow,new wave,permanent wave,pop christmas,pop rock,rock,singer-songwriter
Glastonbury;2003;;R.E.M.;rock;album rock,alternative rock,classic rock,dance rock,folk christmas,hard rock,indie rock,mellow gold,neo mellow,new wave,permanent wave,pop christmas,pop rock,rock,singer-songwriter
Isle of Wight;2005;;R.E.M.;rock;album rock,alternative rock,classic rock,dance rock,folk christmas,hard rock,indie rock,mellow gold,neo mellow,new wave,permanent wave,pop christmas,pop rock,rock,singer-songwriter
t in the park;2003;;R.E.M.;rock;album rock,alternative rock,classic rock,dance rock,folk christmas,hard rock,indie rock,mellow gold,neo mellow,new wave,permanent wave,pop christmas,pop rock,rock,singer-songwriter
t in the park;2008;;R.E.M.;rock;album rock,alternative rock,classic rock,dance rock,folk christmas,hard rock,indie rock,mellow gold,neo mellow,new wave,permanent wave,pop christmas,pop rock,rock,singer-songwriter
Isle of Wight;2012;;Tom Petty and the Heartbreakers;rock;album rock,alternative rock,blues-rock,classic rock,folk rock,hard rock,mellow gold,pop rock,psychedelic rock,rock,roots rock,singer-songwriter,soft rock,southern rock
Glastonbury;1993;;the black crowes;rock;album rock,alternative rock,blues-rock,classic rock,electric blues,funk rock,hard rock,jam band,mellow gold,modern blues,pop rock,post-grunge,rock,roots rock,singer-songwriter,southern rock
download;2005;;black sabbath;metal;album rock,alternative rock,art rock,classic rock,hard rock,metal,rock,stoner rock
download;2012;;black sabbath;metal;album rock,alternative rock,art rock,classic rock,hard rock,metal,rock,stoner rock
download;2016;;black sabbath;metal;album rock,alternative rock,art rock,classic rock,hard rock,metal,rock,stoner rock
cornbury festival;2005;;elvis costello;new wave;album rock,alternative rock,art rock,classic rock,dance rock,folk,folk rock,mellow gold,new wave,new wave pop,permanent wave,pop rock,power pop,pub rock,rock,roots rock,singer-songwriter,soft rock
cornbury festival;2012;;elvis costello;new wave;album rock,alternative rock,art rock,classic rock,dance rock,folk,folk rock,mellow gold,new wave,new wave pop,permanent wave,pop rock,power pop,pub rock,rock,roots rock,singer-songwriter,soft rock
Glastonbury;1987;;elvis costello;new wave;album rock,alternative rock,art rock,classic rock,dance rock,folk,folk rock,mellow gold,new wave,new wave pop,permanent wave,pop rock,power pop,pub rock,rock,roots rock,singer-songwriter,soft rock
Glastonbury;1989;;elvis costello;new wave;album rock,alternative rock,art rock,classic rock,dance rock,folk,folk rock,mellow gold,new wave,new wave pop,permanent wave,pop rock,power pop,pub rock,rock,roots rock,singer-songwriter,soft rock
Glastonbury;1994;;elvis costello;new wave;album rock,alternative rock,art rock,classic rock,dance rock,folk,folk rock,mellow gold,new wave,new wave pop,permanent wave,pop rock,power pop,pub rock,rock,roots rock,singer-songwriter,soft rock
Isle of Wight;2012;;Pearl Jam;rock;album rock,alternative metal,alternative rock,classic rock,funk rock,grunge,hard rock,nu metal,permanent wave,pop rock,post-grunge,rock
Reading;2006;;Pearl Jam;rock;album rock,alternative metal,alternative rock,classic rock,funk rock,grunge,hard rock,nu metal,permanent wave,pop rock,post-grunge,rock
cornbury festival;2016;;jamie cullum;jazz;adult standards,neo mellow,pop christmas,vocal jazz
rewind;2013;;the pointer sisters;soul;adult standards,album rock,classic funk rock,dance pop,dance rock,disco,europop,funk,mellow gold,motown,new romantic,new wave,new wave pop,post-disco,quiet storm,soft rock,soul,soul christmas
Glastonbury;2002;;Rod Stewart;rock;adult standards,album rock,art rock,classic rock,folk christmas,folk rock,hard rock,mellow gold,rock,singer-songwriter,soft rock
Isle of Wight;2017;;Rod Stewart;rock;adult standards,album rock,art rock,classic rock,folk christmas,folk rock,hard rock,mellow gold,rock,singer-songwriter,soft rock
Latitude;2011;;Paolo Nutini;pop;acoustic pop,folk-pop,neo mellow,pop,pop rock
cornbury festival;2007;;david gray;pop;acoustic pop,folk-pop,neo mellow,permanent wave,pop rock,singer-songwriter
cornbury festival;2010;;david gray;pop;acoustic pop,folk-pop,neo mellow,permanent wave,pop rock,singer-songwriter
Wireless;2006;;david gray;pop;acoustic pop,folk-pop,neo mellow,permanent wave,pop rock,singer-songwriter
cornbury festival;2012;;james morrison;pop;acoustic pop,folk christmas,folk-pop,neo mellow,pop,pop christmas,pop rock,viral pop
Latitude;2007;;Damien Rice;folk;acoustic pop,folk christmas,folk-pop,indie christmas,indie folk,indie pop,irish rock,neo mellow,pop christmas,singer-songwriter
end of the road festival;2006;;josh ritter;folk;acoustic pop,alternative country,anti-folk,chamber pop,deep new americana,folk,folk-pop,indie folk,indie pop,neo mellow,new americana,pop rock,progressive bluegrass,roots rock,singer-songwriter,stomp and holler
boardmasters;2010;;seasick steve;blues;acoustic blues,blues,blues-rock,country blues,delta blues,electric blues,garage rock,modern blues,punk blues,texas blues,traditional blues
boardmasters;2008;;groove armada;jazz;acid jazz,alternative dance,big beat,disco house,electronic,new rave,nu jazz,nu skool breaks,trip hop,vocal house
lovebox;2006;;groove armada;jazz;acid jazz,alternative dance,big beat,disco house,electronic,new rave,nu jazz,nu skool breaks,trip hop,vocal house
lovebox;2007;;groove armada;jazz;acid jazz,alternative dance,big beat,disco house,electronic,new rave,nu jazz,nu skool breaks,trip hop,vocal house
lovebox;2009;;groove armada;jazz;acid jazz,alternative dance,big beat,disco house,electronic,new rave,nu jazz,nu skool breaks,trip hop,vocal house
boardmasters;2010;;leftfield;electronic;acid house,big beat,britpop,downtempo,downtempo fusion,electronic,hip house,madchester,trip hop
cornbury festival;2011;;the faces;rock;0
cornbury festival;2015;;king b;hip hop;0
download;2006;;tool;metal;0
Glastonbury;1979;;Tim Blake - Crystal Machine;rock;0
Glastonbury;1992;;Carter U.S.M;rock;0
Glastonbury;2010;;Gorillaz;pop;0
lovebox;2005;;norman jay;soul;0
lovebox;2013;;plan b;hip hop;0
rewind;2010;;tony hadley;new wave;0
rewind;2011;;tony hadley;new wave;0
v festival;2017;;pink;pop;0
Wireless;2010;;pink;pop;0
